term,freq,idf,logidf,tfidf,logtfidf
baha'i,52,139.0,4.93447393313,7228.0,256.592644523
thi,42,139.0,4.93447393313,5838.0,207.247905191
