term,freq,idf,logidf,tfidf,logtfidf
allah,11,139.0,4.93447393313,1529.0,54.2792132644
choic,7,119.142857143,4.7803232533,834.000000001,33.4622627731
deed,5,139.0,4.93447393313,695.0,24.6723696657
bay'ah,5,139.0,4.93447393313,695.0,24.6723696657
methodolog,4,139.0,4.93447393313,556.0,19.7378957325
