avgEVC,avgSD,binCount,binSize,cocoWindow,cvWindow,judgementCount,judgementFrac,judgementMethod,keywordMethod,netAngle,perNeg,perNegDoc,perPos,perPosDoc,pronounFrac,rfAccuracy,rfMAE,runID,svmAccuracy,svmMAE,targetWordCount,toBeFrac
0.0477368047196,0.127585483508,355,10,3,3,0.297632634378,0.298238369717,pronoun,tfidfNoPro,30,0.129329158951,0.0,0.099477548727,0.0,,0.72972972973,0.667052767053,J04ZSJ,0.711711711712,0.841559579411,10,
0.0379511878112,0.105461257894,355,10,3,3,,,both,tfidfNoPro,30,0.226534764522,0.0,0.124987123693,0.0,0.142698877942,0.810810810811,0.609881974998,TAQGNZ,0.783783783784,0.707145853065,10,0.362366788138
0.041302668588,0.0996355189025,355,10,3,3,0.22685756241,0.127822238414,pronoun,tfidfNoPro,30,0.313463847857,0.0314269364167,0.152801386504,0.00668984090675,,0.648648648649,0.890495962085,1I5MNP,0.738738738739,0.807933700839,10,
