avgEVC,avgSD,binCount,binSize,cocoWindow,cvWindow,judgementCount,judgementFrac,judgementMethod,keywordMethod,netAngle,perNeg,perNegDoc,perPos,perPosDoc,pronounFrac,rfAccuracy,rfMAE,runID,svmAccuracy,svmMAE,targetWordCount,toBeFrac
0.0477368047196,0.127585483508,355,10,3,3,0.297632634378,0.298238369717,pronoun,tfidfNoPro,30,0.129329158951,0.0,0.099477548727,0.0,,0.72972972973,0.667052767053,J04ZSJ,0.711711711712,0.841559579411,10,
0.0379511878112,0.105461257894,355,10,3,3,,,both,tfidfNoPro,30,0.226534764522,0.0,0.124987123693,0.0,0.142698877942,0.810810810811,0.609881974998,TAQGNZ,0.783783783784,0.707145853065,10,0.362366788138
0.041302668588,0.0996355189025,355,10,3,3,0.22685756241,0.127822238414,pronoun,tfidfNoPro,30,0.313463847857,0.0314269364167,0.152801386504,0.00668984090675,,0.648648648649,0.890495962085,1I5MNP,0.738738738739,0.807933700839,10,
0.033989606911,0.155863783107,355,10,3,3,0.246706340445,0.183829797578,pronoun,tfidfNoPro,30,0.154202056463,0.0332661602614,0.0938741460616,0.0982681091725,,0.747747747748,0.707857144765,MOALTX,0.720720720721,0.765948273009,15,
0.0388517230107,0.102199915534,355,10,3,3,0.253707882916,0.212699657869,pronoun,tfidfNoPro,30,0.141759974073,0.0686801298893,0.174575559237,0.00752515747144,,0.72972972973,0.679279279279,EQQRMI,0.711711711712,0.819189215389,20,
