,groupId,files,timeRun,perPos,perNeg,perPosDoc,perNegDoc,judgementCount,judgementFrac,avgSD,avgEVC,groupName,rank,rfPred,svmPred
373,NaumanKhan_test6,5,8.5367372036,0.0442542372856,0.0442542372856,0.0,1.0,23.8,0.113383176339,0.663450364014,0.558127746143,NaumanKhan,3,2.6,3.90426471397
376,NaumanKhan_test0,5,11.3979249001,0.0315633916796,0.0315633916796,0.0,1.0,35.6,0.12152920794,0.650329333808,0.549624155821,NaumanKhan,3,2.7,3.94024976314
378,NaumanKhan_test3,5,8.84696698189,0.0251378924521,0.0251378924521,0.0,1.0,31.2,0.162501109109,0.650762164624,0.672671935845,NaumanKhan,3,2.7,3.94313350454
380,NaumanKhan_test2,5,8.82925510406,0.0363737378417,0.0363737378417,0.0,1.0,29.8,0.127294429754,0.650132630217,0.589192693001,NaumanKhan,3,2.7,3.93244396873
