,groupId,files,timeRun,perPos,perNeg,perPosDoc,perNegDoc,judgementCount,judgementFrac,avgSD,avgEVC,groupName,rank,rfPred,svmPred
361,NaumanKhan_test5,5,9.94873189926,0.0455528298284,0.0455528298284,0.0,1.0,35.8,0.217094478448,0.661045519235,0.626067930887,NaumanKhan,3,2.8,3.88476297868
363,NaumanKhan_test4,5,11.6770439148,0.0359058276902,0.0359058276902,0.0,1.0,25.6,0.0724490944542,0.653170860128,0.493346577226,NaumanKhan,3,2.6,3.93809832279
364,NaumanKhan_test3,5,12.2005629539,0.0348990171067,0.0348990171067,0.0,1.0,29.8,0.107885099958,0.649016342821,0.6527996015,NaumanKhan,3,2.7,3.93645077133
374,IntegralYoga_test3,5,2.29254221916,0.0427902882213,0.0427902882213,0.0,1.0,4.0,0.100581309124,0.673732019336,0.589402621833,IntegralYoga,7,3.8,3.92439756381
386,Bahai_test2,5,2.72851705551,0.0224002868505,0.0224002868505,0.0,1.0,7.4,0.147815843545,0.683687203849,0.600391997729,Bahai,6,3.8,3.94394033065
