avgEVC,avgSD,binCount,binSize,cocoWindow,cvWindow,fileCount,judgementCount,judgementFrac,judgementMethod,keywordMethod,netAngle,perNeg,perNegDoc,perPos,perPosDoc,rfAccuracy,rfMAE,runID,svmAccuracy,svmMAE,targetWordCount
0.00620074010233,0.00123456790123,,10,3,3,13.0,0.00134228187919,0.0,pronoun,tfidfNoPro,30,0.297051292418,0.0,0.694171117699,0.0,0.2,3.36,EHSVFS,0.0,2.28319488472,10
0.0194353655513,0.57707723767,32.0,10,3,3,,0.225200182978,0.0974549719705,pronoun,tfidfNoPro,30,0.0726670497111,0.0,0.00816519211933,0.0,0.333333333333,1.75833333333,MDSXO1,0.333333333333,1.31591874797,10
