runID,binCount,binSize,cocoWindow,cvWindow,netAngle,targetWordCount,keywordMethod,judgementMethod,rfAccuracy,rfMAE,svmAccuracy,svmMAE,perPos,perNeg,perPosDoc,perNegDoc,judgementFrac,judgementCount,avgSD,avgEVC
S5LGMM,32,10,3,3,30,10,tfidfNoPro,pronoun,0.0833333333333,1.725,0.5,1.38079226485,0.0564459930314,0.106564500218,0.0,0.0,0.159541130353,0.185628360889,0.372500924671,0.119319090837
YW9VFU,32,10,3,3,30,10,tfidfNoPro,pronoun,0.333333333333,1.30833333333,0.833333333333,0.893734103732,0.0,0.049806134872,0.0,0.0,0.163969295838,0.151482056832,0.579235407224,0.0555071052344
<<<<<<< HEAD
KCCSO1,32,10,3,3,30,10,tfidfNoPro,pronoun,0.5,1.58333333333,0.5,1.08967579355,0.0122950819672,0.146866470619,0.0,0.0,0.398108734023,0.400761454913,0.00336910520572,0.0385991532726
=======
7YJGJH,32,10,3,3,30,10,tfidfNoPro,pronoun,0.25,1.68333333333,0.416666666667,1.61241013798,0.113086127091,0.0116343490305,0.0,0.0,0.262843900323,0.151786599089,0.409032973516,0.0516160509512
>>>>>>> origin/master
