PSJudge,avgEVC,avgSD,binCount,binSize,cocoWindow,cvWindow,elle,il,ils,je,judgementMethod,keywordMethod,le,netAngle,nous,perNeg,perNegDoc,perPos,perPosDoc,pronounFrac,rfAccuracy,rfClassAccuracy,rfClassExact,rfClassMAE,rfMAE,runID,signalSourceID,svmAccuracy,svmClassAccuracy,svmClassExact,svmClassMAE,svmMAE,targetWordCount,vous
0.0335323625673,0.0117960822673,0.0147813306872,71,1,3,3,0.0206005549255,0.0797483477027,0.527643038138,0.0179344507499,pronounFrac,tfidfNoPro,0.0430999714119,30,0.058575443441,0.0528064121947,0.00978286682038,0.0648761334392,0.00705081884526,0.0175140750242,0.4,0.6,0.4,1.4,1.62,YT319S,QWTZPL,0.4,0.6,0.6,1.6,1.86743533519,15,0.0402581117859
0.0368739300839,0.014932296685,0.0152537313924,71,1,3,3,0.0247304756111,0.0733645155518,0.492880838936,0.0213218612004,both,tfidfNoPro,0.0337261617368,30,0.0778491262188,0.0541898168341,0.0113129273154,0.078429185357,0.00650068656034,0.0185072718837,0.4,0.6,0.4,1.4,1.63266666667,CD5CCL,QWTZPL,0.4,0.6,0.6,1.6,1.86507004876,15,0.0401271746334
